timestamp,block_number
1667260800,15871479
1667174400,15864318
1667088000,15857155
1667001600,15850001
1666915200,15842846
1666828800,15835684
1666742400,15828523
1666656000,15821368
1666569600,15814245
1666483200,15807083
1666396800,15799921
1666310400,15792759
1666224000,15785589
1666137600,15778435
1666051200,15771266
